id_leitura,timestamp,id_sensor,id_cultura,umidade_solo,temp_ambiente,chuva_prevista_mm
1,2025-12-15 09:41:06.647982,S-01,1,40.32,29.48,5
2,2025-12-15 10:26:06.647982,S-02,2,48.9,26.64,0
3,2025-12-15 11:11:06.647982,S-03,1,38.26,27.6,25
4,2025-12-15 11:56:06.647982,S-02,2,44.01,26.8,0
5,2025-12-15 12:41:06.647982,S-02,2,34.41,29.8,0
6,2025-12-15 13:26:06.647982,S-02,3,38.82,28.52,0
7,2025-12-15 14:11:06.647982,S-01,3,37.28,29.52,0
8,2025-12-15 14:56:06.647982,S-02,1,35.66,28.08,10
9,2025-12-15 15:41:06.647982,S-02,1,30.0,29.55,0
10,2025-12-15 16:26:06.647982,S-01,2,53.9,27.2,10
11,2025-12-15 17:11:06.647982,S-03,1,51.05,22.18,0
12,2025-12-15 17:56:06.647982,S-02,3,59.74,22.42,0
13,2025-12-15 18:41:06.647982,S-02,2,50.38,23.26,0
14,2025-12-15 19:26:06.647982,S-01,2,72.74,15.44,0
15,2025-12-15 20:11:06.647982,S-03,3,72.52,12.8,5
16,2025-12-15 20:56:06.647982,S-02,1,74.62,14.19,25
17,2025-12-15 21:41:06.647982,S-02,2,74.55,13.53,0
18,2025-12-15 22:26:06.647982,S-01,1,82.59,10.38,0
19,2025-12-15 23:11:06.647982,S-01,3,73.23,10.82,10
20,2025-12-15 23:56:06.647982,S-02,2,78.88,9.2,5
21,2025-12-16 00:41:06.647982,S-03,1,85.65,9.33,0
22,2025-12-16 01:26:06.647982,S-03,3,80.62,9.49,25
23,2025-12-16 02:11:06.647982,S-01,1,76.84,13.04,0
24,2025-12-16 02:56:06.647982,S-02,2,81.63,11.69,0
25,2025-12-16 03:41:06.647982,S-01,1,57.72,13.5,0
26,2025-12-16 04:26:06.647982,S-02,1,69.95,15.22,5
27,2025-12-16 05:11:06.647982,S-02,1,75.9,15.08,25
28,2025-12-16 05:56:06.647982,S-03,1,61.04,20.65,25
29,2025-12-16 06:41:06.647982,S-03,3,56.66,23.41,5
30,2025-12-16 07:26:06.647982,S-03,2,55.18,23.49,5
31,2025-12-16 08:11:06.647982,S-03,2,62.42,22.16,25
32,2025-12-16 08:56:06.647982,S-02,1,46.21,24.98,0
33,2025-12-16 09:41:06.647982,S-02,2,45.06,25.53,0
34,2025-12-16 10:26:06.647982,S-03,1,33.17,29.94,25
35,2025-12-16 11:11:06.647982,S-01,3,43.21,26.06,0
36,2025-12-16 11:56:06.647982,S-02,2,40.67,31.56,0
37,2025-12-16 12:41:06.647982,S-03,3,50.01,30.18,0
38,2025-12-16 13:26:06.647982,S-02,2,43.36,30.9,0
39,2025-12-16 14:11:06.647982,S-02,1,41.01,27.5,0
40,2025-12-16 14:56:06.647982,S-02,1,34.81,28.97,0
41,2025-12-16 15:41:06.647982,S-03,3,39.08,29.99,0
42,2025-12-16 16:26:06.647982,S-01,3,45.32,25.18,0
43,2025-12-16 17:11:06.647982,S-01,2,66.57,20.26,25
44,2025-12-16 17:56:06.647982,S-01,2,56.88,20.12,25
45,2025-12-16 18:41:06.647982,S-01,2,54.11,24.48,0
46,2025-12-16 19:26:06.647982,S-03,3,63.62,19.44,0
47,2025-12-16 20:11:06.647982,S-01,1,62.83,16.46,0
48,2025-12-16 20:56:06.647982,S-01,3,73.92,11.1,25
49,2025-12-16 21:41:06.647982,S-01,1,78.97,9.8,0
50,2025-12-16 22:26:06.647982,S-01,3,77.49,14.98,0
51,2025-12-16 23:11:06.647982,S-03,3,78.24,11.9,25
52,2025-12-16 23:56:06.647982,S-02,1,81.63,6.47,25
53,2025-12-17 00:41:06.647982,S-02,2,80.34,10.54,5
54,2025-12-17 01:26:06.647982,S-03,3,79.77,12.47,0
55,2025-12-17 02:11:06.647982,S-01,3,78.53,9.68,0
56,2025-12-17 02:56:06.647982,S-02,1,81.75,10.41,5
57,2025-12-17 03:41:06.647982,S-03,1,86.09,11.9,0
58,2025-12-17 04:26:06.647982,S-01,2,72.38,10.94,25
59,2025-12-17 05:11:06.647982,S-03,2,66.98,14.7,0
60,2025-12-17 05:56:06.647982,S-02,3,68.62,14.74,0
61,2025-12-17 06:41:06.647982,S-03,2,63.02,18.14,0
62,2025-12-17 07:26:06.647982,S-02,1,55.06,22.83,25
63,2025-12-17 08:11:06.647982,S-03,3,46.52,25.84,25
64,2025-12-17 08:56:06.647982,S-01,2,48.82,26.17,0
65,2025-12-17 09:41:06.647982,S-02,2,49.99,27.56,5
66,2025-12-17 10:26:06.647982,S-03,1,43.25,28.06,10
67,2025-12-17 11:11:06.647982,S-03,2,34.98,30.33,5
68,2025-12-17 11:56:06.647982,S-01,3,41.25,28.83,0
69,2025-12-17 12:41:06.647982,S-01,2,30.0,33.38,0
70,2025-12-17 13:26:06.647982,S-01,1,35.03,30.82,0
71,2025-12-17 14:11:06.647982,S-03,1,40.89,27.86,0
72,2025-12-17 14:56:06.647982,S-03,3,41.04,27.09,0
73,2025-12-17 15:41:06.647982,S-02,3,63.59,25.48,5
74,2025-12-17 16:26:06.647982,S-03,1,46.94,26.61,25
75,2025-12-17 17:11:06.647982,S-02,1,52.8,23.62,0
76,2025-12-17 17:56:06.647982,S-02,3,42.47,26.78,0
77,2025-12-17 18:41:06.647982,S-01,2,62.96,21.5,5
78,2025-12-17 19:26:06.647982,S-02,3,62.36,17.75,0
79,2025-12-17 20:11:06.647982,S-02,3,70.02,12.84,25
80,2025-12-17 20:56:06.647982,S-03,3,72.25,13.94,0
81,2025-12-17 21:41:06.647982,S-01,2,70.9,13.26,0
82,2025-12-17 22:26:06.647982,S-03,2,71.13,14.84,0
83,2025-12-17 23:11:06.647982,S-03,3,82.45,12.23,25
84,2025-12-17 23:56:06.647982,S-01,1,77.46,10.61,10
85,2025-12-18 00:41:06.647982,S-01,3,72.42,13.88,25
86,2025-12-18 01:26:06.647982,S-03,2,78.92,9.5,0
87,2025-12-18 02:11:06.647982,S-01,3,77.2,8.97,0
88,2025-12-18 02:56:06.647982,S-01,3,71.39,13.52,10
89,2025-12-18 03:41:06.647982,S-02,3,79.05,10.35,0
90,2025-12-18 04:26:06.647982,S-02,3,73.53,15.46,5
91,2025-12-18 05:11:06.647982,S-03,2,70.47,17.07,0
92,2025-12-18 05:56:06.647982,S-02,2,64.51,18.17,0
93,2025-12-18 06:41:06.647982,S-03,3,55.94,22.49,25
94,2025-12-18 07:26:06.647982,S-02,3,58.94,23.88,0
95,2025-12-18 08:11:06.647982,S-02,2,47.14,25.0,0
96,2025-12-18 08:56:06.647982,S-02,3,38.31,29.54,10
97,2025-12-18 09:41:06.647982,S-03,2,47.37,26.24,0
98,2025-12-18 10:26:06.647982,S-03,3,52.22,29.74,0
99,2025-12-18 11:11:06.647982,S-03,3,38.62,29.97,0
100,2025-12-18 11:56:06.647982,S-02,1,45.77,27.37,10
101,2025-12-18 12:41:06.647982,S-03,2,51.8,25.59,0
102,2025-12-18 13:26:06.647982,S-01,1,30.0,31.57,0
103,2025-12-18 14:11:06.647982,S-01,1,39.7,30.54,0
104,2025-12-18 14:56:06.647982,S-01,1,43.57,27.12,0
105,2025-12-18 15:41:06.647982,S-03,3,39.77,26.43,5
106,2025-12-18 16:26:06.647982,S-01,3,49.97,26.65,0
107,2025-12-18 17:11:06.647982,S-03,2,43.93,26.55,10
108,2025-12-18 17:56:06.647982,S-02,2,44.97,24.74,0
109,2025-12-18 18:41:06.647982,S-03,3,55.1,21.94,0
110,2025-12-18 19:26:06.647982,S-01,3,61.1,17.01,25
111,2025-12-18 20:11:06.647982,S-03,1,74.48,14.93,5
112,2025-12-18 20:56:06.647982,S-03,3,72.95,13.39,0
113,2025-12-18 21:41:06.647982,S-03,3,85.69,10.18,0
114,2025-12-18 22:26:06.647982,S-02,1,80.33,10.93,0
115,2025-12-18 23:11:06.647982,S-03,2,80.13,10.59,0
116,2025-12-18 23:56:06.647982,S-01,3,83.34,11.19,5
117,2025-12-19 00:41:06.647982,S-01,1,73.7,11.67,25
118,2025-12-19 01:26:06.647982,S-03,3,74.41,11.62,0
119,2025-12-19 02:11:06.647982,S-02,3,83.89,9.09,5
120,2025-12-19 02:56:06.647982,S-03,1,81.15,10.55,0
121,2025-12-19 03:41:06.647982,S-02,3,76.03,13.48,5
122,2025-12-19 04:26:06.647982,S-03,2,63.32,17.08,0
123,2025-12-19 05:11:06.647982,S-02,1,70.95,15.54,10
124,2025-12-19 05:56:06.647982,S-03,1,65.83,18.26,10
125,2025-12-19 06:41:06.647982,S-03,2,62.67,16.68,0
126,2025-12-19 07:26:06.647982,S-02,3,66.05,20.13,0
127,2025-12-19 08:11:06.647982,S-01,3,53.22,23.03,0
128,2025-12-19 08:56:06.647982,S-03,3,56.32,23.26,0
129,2025-12-19 09:41:06.647982,S-02,2,46.8,28.32,25
130,2025-12-19 10:26:06.647982,S-02,1,41.75,28.88,25
131,2025-12-19 11:11:06.647982,S-03,2,32.53,30.32,5
132,2025-12-19 11:56:06.647982,S-01,3,38.44,30.07,0
133,2025-12-19 12:41:06.647982,S-02,1,30.0,33.22,10
134,2025-12-19 13:26:06.647982,S-01,3,41.94,32.04,5
135,2025-12-19 14:11:06.647982,S-01,1,49.62,31.39,0
136,2025-12-19 14:56:06.647982,S-02,3,38.02,30.65,0
137,2025-12-19 15:41:06.647982,S-02,1,48.31,29.37,10
138,2025-12-19 16:26:06.647982,S-03,3,45.7,22.09,0
139,2025-12-19 17:11:06.647982,S-02,3,42.42,23.67,5
140,2025-12-19 17:56:06.647982,S-02,2,65.03,20.13,0
141,2025-12-19 18:41:06.647982,S-01,3,59.02,21.72,5
142,2025-12-19 19:26:06.647982,S-01,1,60.93,17.15,0
143,2025-12-19 20:11:06.647982,S-03,1,63.5,17.91,0
144,2025-12-19 20:56:06.647982,S-02,3,64.9,12.5,0
145,2025-12-19 21:41:06.647982,S-02,1,74.66,13.63,0
146,2025-12-19 22:26:06.647982,S-01,1,72.66,10.87,10
147,2025-12-19 23:11:06.647982,S-02,2,80.64,9.47,10
148,2025-12-19 23:56:06.647982,S-02,1,83.04,11.55,5
149,2025-12-20 00:41:06.647982,S-01,1,86.12,9.38,0
150,2025-12-20 01:26:06.647982,S-01,2,74.88,11.56,0
151,2025-12-20 02:11:06.647982,S-01,3,74.44,13.74,0
152,2025-12-20 02:56:06.647982,S-01,2,79.69,9.33,0
153,2025-12-20 03:41:06.647982,S-01,1,81.18,13.1,25
154,2025-12-20 04:26:06.647982,S-01,1,68.06,13.66,0
155,2025-12-20 05:11:06.647982,S-03,2,67.57,16.89,0
156,2025-12-20 05:56:06.647982,S-01,2,72.04,18.75,5
157,2025-12-20 06:41:06.647982,S-02,3,61.17,20.16,0
158,2025-12-20 07:26:06.647982,S-01,1,52.58,23.33,0
159,2025-12-20 08:11:06.647982,S-02,3,65.11,22.06,10
160,2025-12-20 08:56:06.647982,S-03,2,45.54,26.02,0
161,2025-12-20 09:41:06.647982,S-03,1,51.79,26.35,10
162,2025-12-20 10:26:06.647982,S-01,3,54.87,28.69,0
163,2025-12-20 11:11:06.647982,S-01,3,42.3,30.1,10
164,2025-12-20 11:56:06.647982,S-02,1,37.82,30.29,0
165,2025-12-20 12:41:06.647982,S-02,2,35.17,28.83,0
166,2025-12-20 13:26:06.647982,S-03,1,44.65,30.24,0
167,2025-12-20 14:11:06.647982,S-01,1,37.47,30.79,0
168,2025-12-20 14:56:06.647982,S-01,1,49.33,27.44,25
169,2025-12-20 15:41:06.647982,S-03,3,50.64,22.31,10
170,2025-12-20 16:26:06.647982,S-03,1,46.48,23.48,10
171,2025-12-20 17:11:06.647982,S-03,1,59.79,21.12,5
172,2025-12-20 17:56:06.647982,S-03,1,49.68,19.95,0
173,2025-12-20 18:41:06.647982,S-02,1,58.55,20.54,10
174,2025-12-20 19:26:06.647982,S-02,3,72.83,14.74,0
175,2025-12-20 20:11:06.647982,S-02,1,76.03,12.62,0
176,2025-12-20 20:56:06.647982,S-02,2,67.35,15.12,5
177,2025-12-20 21:41:06.647982,S-01,2,75.15,15.26,25
178,2025-12-20 22:26:06.647982,S-03,3,77.89,11.76,0
179,2025-12-20 23:11:06.647982,S-01,3,84.81,11.42,0
180,2025-12-20 23:56:06.647982,S-03,1,73.58,10.77,5
181,2025-12-21 00:41:06.647982,S-02,1,80.08,9.23,10
182,2025-12-21 01:26:06.647982,S-01,1,77.49,11.95,0
183,2025-12-21 02:11:06.647982,S-01,3,74.53,13.21,5
184,2025-12-21 02:56:06.647982,S-03,1,82.79,9.98,0
185,2025-12-21 03:41:06.647982,S-01,2,68.57,13.5,5
186,2025-12-21 04:26:06.647982,S-01,1,70.61,13.85,25
187,2025-12-21 05:11:06.647982,S-02,2,64.8,18.68,0
188,2025-12-21 05:56:06.647982,S-03,1,72.24,16.66,25
189,2025-12-21 06:41:06.647982,S-01,3,67.25,19.14,0
190,2025-12-21 07:26:06.647982,S-03,3,46.36,22.12,0
191,2025-12-21 08:11:06.647982,S-03,1,51.47,23.67,0
192,2025-12-21 08:56:06.647982,S-01,2,38.75,25.58,0
193,2025-12-21 09:41:06.647982,S-03,2,35.13,28.73,25
194,2025-12-21 10:26:06.647982,S-03,2,31.15,29.2,0
195,2025-12-21 11:11:06.647982,S-01,3,40.01,29.8,0
196,2025-12-21 11:56:06.647982,S-03,2,45.83,28.85,10
197,2025-12-21 12:41:06.647982,S-02,3,40.5,32.06,0
198,2025-12-21 13:26:06.647982,S-01,3,45.35,28.1,10
199,2025-12-21 14:11:06.647982,S-03,3,39.54,26.75,10
200,2025-12-21 14:56:06.647982,S-03,3,39.86,30.77,0
201,2025-12-21 15:41:06.647982,S-02,1,47.16,26.96,0
202,2025-12-21 16:26:06.647982,S-02,2,60.83,20.42,10
203,2025-12-21 17:11:06.647982,S-03,2,54.63,22.15,10
204,2025-12-21 17:56:06.647982,S-03,3,48.16,23.2,0
205,2025-12-21 18:41:06.647982,S-03,1,61.54,19.9,5
206,2025-12-21 19:26:06.647982,S-02,1,59.96,20.61,0
207,2025-12-21 20:11:06.647982,S-03,2,71.14,17.16,0
208,2025-12-21 20:56:06.647982,S-02,1,68.95,13.64,0
209,2025-12-21 21:41:06.647982,S-02,3,73.78,16.92,0
210,2025-12-21 22:26:06.647982,S-01,2,73.39,10.32,0
211,2025-12-21 23:11:06.647982,S-01,1,71.87,11.48,0
212,2025-12-21 23:56:06.647982,S-01,2,77.68,11.2,0
213,2025-12-22 00:41:06.647982,S-02,2,72.91,12.9,5
214,2025-12-22 01:26:06.647982,S-02,2,73.28,13.01,25
215,2025-12-22 02:11:06.647982,S-02,1,70.52,15.04,0
216,2025-12-22 02:56:06.647982,S-01,3,75.61,11.44,0
217,2025-12-22 03:41:06.647982,S-03,1,85.53,13.0,0
218,2025-12-22 04:26:06.647982,S-02,2,70.14,15.67,10
219,2025-12-22 05:11:06.647982,S-03,2,63.92,17.59,0
220,2025-12-22 05:56:06.647982,S-02,2,68.23,19.24,5
221,2025-12-22 06:41:06.647982,S-03,2,56.4,22.24,10
222,2025-12-22 07:26:06.647982,S-02,1,60.22,20.74,0
223,2025-12-22 08:11:06.647982,S-01,2,58.34,24.24,0
224,2025-12-22 08:56:06.647982,S-03,3,55.37,20.95,5
225,2025-12-22 09:41:06.647982,S-03,1,51.69,24.99,5
226,2025-12-22 10:26:06.647982,S-02,2,38.67,29.25,0
227,2025-12-22 11:11:06.647982,S-03,1,54.87,25.53,0
228,2025-12-22 11:56:06.647982,S-03,1,42.82,30.21,25
229,2025-12-22 12:41:06.647982,S-03,2,34.52,28.3,10
230,2025-12-22 13:26:06.647982,S-02,2,38.1,30.9,0
231,2025-12-22 14:11:06.647982,S-03,3,44.52,29.37,0
232,2025-12-22 14:56:06.647982,S-01,2,38.25,29.96,0
233,2025-12-22 15:41:06.647982,S-03,1,44.44,28.76,10
234,2025-12-22 16:26:06.647982,S-02,2,49.92,25.93,10
235,2025-12-22 17:11:06.647982,S-02,1,53.47,20.64,0
236,2025-12-22 17:56:06.647982,S-03,3,46.74,22.78,0
237,2025-12-22 18:41:06.647982,S-02,3,64.03,18.07,0
238,2025-12-22 19:26:06.647982,S-02,1,71.02,17.61,5
239,2025-12-22 20:11:06.647982,S-02,1,68.18,17.08,0
240,2025-12-22 20:56:06.647982,S-01,1,65.27,14.7,10
241,2025-12-22 21:41:06.647982,S-01,2,64.25,13.94,5
242,2025-12-22 22:26:06.647982,S-02,2,71.05,11.61,0
243,2025-12-22 23:11:06.647982,S-02,1,74.6,15.74,0
244,2025-12-22 23:56:06.647982,S-03,3,85.26,11.25,10
245,2025-12-23 00:41:06.647982,S-03,3,79.17,10.32,10
246,2025-12-23 01:26:06.647982,S-01,1,78.13,11.02,0
247,2025-12-23 02:11:06.647982,S-03,3,68.24,13.01,0
248,2025-12-23 02:56:06.647982,S-03,2,89.11,11.09,5
249,2025-12-23 03:41:06.647982,S-02,3,80.56,11.64,5
250,2025-12-23 04:26:06.647982,S-03,2,57.61,18.16,25
251,2025-12-23 05:11:06.647982,S-02,2,53.64,19.84,0
252,2025-12-23 05:56:06.647982,S-03,1,55.54,18.86,10
253,2025-12-23 06:41:06.647982,S-01,2,56.28,22.87,0
254,2025-12-23 07:26:06.647982,S-02,1,61.08,20.3,0
255,2025-12-23 08:11:06.647982,S-03,1,62.66,21.67,10
256,2025-12-23 08:56:06.647982,S-03,2,54.74,24.96,0
257,2025-12-23 09:41:06.647982,S-01,1,45.18,27.13,0
258,2025-12-23 10:26:06.647982,S-01,1,32.72,29.95,0
259,2025-12-23 11:11:06.647982,S-02,3,44.44,30.17,0
260,2025-12-23 11:56:06.647982,S-02,1,56.2,27.36,0
261,2025-12-23 12:41:06.647982,S-02,2,41.72,29.88,0
262,2025-12-23 13:26:06.647982,S-02,3,38.87,30.79,10
263,2025-12-23 14:11:06.647982,S-03,2,42.47,29.03,0
264,2025-12-23 14:56:06.647982,S-01,2,52.42,25.0,10
265,2025-12-23 15:41:06.647982,S-01,2,41.25,27.76,5
266,2025-12-23 16:26:06.647982,S-01,3,40.52,27.16,0
267,2025-12-23 17:11:06.647982,S-03,3,61.86,21.26,0
268,2025-12-23 17:56:06.647982,S-02,1,64.8,19.55,0
269,2025-12-23 18:41:06.647982,S-03,1,72.4,16.05,0
270,2025-12-23 19:26:06.647982,S-03,3,61.9,17.53,5
271,2025-12-23 20:11:06.647982,S-02,3,66.2,16.5,0
272,2025-12-23 20:56:06.647982,S-02,2,69.85,17.69,10
273,2025-12-23 21:41:06.647982,S-02,3,86.29,11.4,0
274,2025-12-23 22:26:06.647982,S-03,2,71.84,14.73,25
275,2025-12-23 23:11:06.647982,S-01,1,78.85,11.6,0
276,2025-12-23 23:56:06.647982,S-01,3,81.46,14.44,0
277,2025-12-24 00:41:06.647982,S-02,3,75.12,12.2,25
278,2025-12-24 01:26:06.647982,S-01,3,66.29,11.47,0
279,2025-12-24 02:11:06.647982,S-02,1,75.9,9.99,10
280,2025-12-24 02:56:06.647982,S-01,1,87.49,11.19,5
281,2025-12-24 03:41:06.647982,S-02,2,65.46,12.5,10
282,2025-12-24 04:26:06.647982,S-01,2,76.47,13.85,25
283,2025-12-24 05:11:06.647982,S-01,2,67.49,20.49,0
284,2025-12-24 05:56:06.647982,S-01,3,65.69,17.93,10
285,2025-12-24 06:41:06.647982,S-03,2,58.05,18.91,0
286,2025-12-24 07:26:06.647982,S-01,2,57.75,20.08,0
287,2025-12-24 08:11:06.647982,S-01,2,54.93,22.8,5
288,2025-12-24 08:56:06.647982,S-03,3,51.53,24.8,0
289,2025-12-24 09:41:06.647982,S-02,1,32.63,32.38,0
290,2025-12-24 10:26:06.647982,S-01,1,44.79,28.2,0
291,2025-12-24 11:11:06.647982,S-02,3,42.37,28.98,0
292,2025-12-24 11:56:06.647982,S-03,2,36.58,30.15,10
293,2025-12-24 12:41:06.647982,S-03,3,49.18,25.52,0
294,2025-12-24 13:26:06.647982,S-02,1,38.28,27.54,25
295,2025-12-24 14:11:06.647982,S-01,2,36.16,28.7,0
296,2025-12-24 14:56:06.647982,S-02,2,30.52,29.38,25
297,2025-12-24 15:41:06.647982,S-01,1,42.11,26.88,25
298,2025-12-24 16:26:06.647982,S-02,2,58.69,25.53,0
299,2025-12-24 17:11:06.647982,S-03,2,47.36,23.08,25
300,2025-12-24 17:56:06.647982,S-02,3,67.07,20.81,0
301,2025-12-24 18:41:06.647982,S-02,2,64.9,21.03,0
302,2025-12-24 19:26:06.647982,S-03,3,68.01,17.84,25
303,2025-12-24 20:11:06.647982,S-03,1,76.18,15.84,10
304,2025-12-24 20:56:06.647982,S-02,2,73.45,13.66,10
305,2025-12-24 21:41:06.647982,S-02,3,73.83,15.9,10
306,2025-12-24 22:26:06.647982,S-03,1,79.96,9.3,25
307,2025-12-24 23:11:06.647982,S-01,2,69.97,12.31,0
308,2025-12-24 23:56:06.647982,S-01,3,68.66,11.82,0
309,2025-12-25 00:41:06.647982,S-01,1,77.0,12.92,10
310,2025-12-25 01:26:06.647982,S-03,3,90.47,9.57,10
311,2025-12-25 02:11:06.647982,S-01,2,82.02,10.18,0
312,2025-12-25 02:56:06.647982,S-03,2,70.93,12.96,25
313,2025-12-25 03:41:06.647982,S-02,1,78.01,10.97,25
314,2025-12-25 04:26:06.647982,S-01,2,41.78,23.57,0
315,2025-12-25 05:11:06.647982,S-01,3,65.06,16.98,0
316,2025-12-25 05:56:06.647982,S-01,2,67.58,17.61,0
317,2025-12-25 06:41:06.647982,S-02,1,55.12,21.77,5
318,2025-12-25 07:26:06.647982,S-03,1,54.22,22.35,5
319,2025-12-25 08:11:06.647982,S-02,1,49.14,27.33,0
320,2025-12-25 08:56:06.647982,S-02,1,58.12,24.72,0
321,2025-12-25 09:41:06.647982,S-03,1,49.0,24.03,25
322,2025-12-25 10:26:06.647982,S-02,1,45.54,27.83,5
323,2025-12-25 11:11:06.647982,S-02,3,40.75,30.42,0
324,2025-12-25 11:56:06.647982,S-02,3,32.16,32.31,5
325,2025-12-25 12:41:06.647982,S-02,2,37.76,28.98,25
326,2025-12-25 13:26:06.647982,S-01,1,35.01,33.15,0
327,2025-12-25 14:11:06.647982,S-03,2,39.92,28.81,0
328,2025-12-25 14:56:06.647982,S-01,3,44.68,29.64,0
329,2025-12-25 15:41:06.647982,S-02,2,43.51,28.42,25
330,2025-12-25 16:26:06.647982,S-03,3,57.5,24.04,0
331,2025-12-25 17:11:06.647982,S-03,2,60.7,19.06,0
332,2025-12-25 17:56:06.647982,S-03,1,50.39,22.5,0
333,2025-12-25 18:41:06.647982,S-03,3,55.95,20.44,0
334,2025-12-25 19:26:06.647982,S-02,3,64.64,16.38,10
335,2025-12-25 20:11:06.647982,S-03,3,73.68,12.7,5
336,2025-12-25 20:56:06.647982,S-01,3,71.33,14.15,25
337,2025-12-25 21:41:06.647982,S-02,3,70.41,15.93,0
338,2025-12-25 22:26:06.647982,S-01,3,87.69,10.24,0
339,2025-12-25 23:11:06.647982,S-03,2,75.64,11.45,0
340,2025-12-25 23:56:06.647982,S-03,3,83.12,10.25,0
341,2025-12-26 00:41:06.647982,S-01,3,72.56,10.36,10
342,2025-12-26 01:26:06.647982,S-02,2,81.9,10.57,10
343,2025-12-26 02:11:06.647982,S-02,2,71.39,15.66,0
344,2025-12-26 02:56:06.647982,S-02,2,78.33,10.55,0
345,2025-12-26 03:41:06.647982,S-02,2,72.59,13.36,5
346,2025-12-26 04:26:06.647982,S-02,1,68.04,13.21,0
347,2025-12-26 05:11:06.647982,S-03,1,50.94,22.25,0
348,2025-12-26 05:56:06.647982,S-03,2,61.38,17.8,0
349,2025-12-26 06:41:06.647982,S-02,2,58.6,21.11,0
350,2025-12-26 07:26:06.647982,S-02,1,57.28,22.57,0
351,2025-12-26 08:11:06.647982,S-03,2,54.51,25.04,5
352,2025-12-26 08:56:06.647982,S-03,3,49.7,26.76,10
353,2025-12-26 09:41:06.647982,S-03,3,57.65,24.59,0
354,2025-12-26 10:26:06.647982,S-01,2,59.6,24.6,0
355,2025-12-26 11:11:06.647982,S-01,2,38.25,32.83,5
356,2025-12-26 11:56:06.647982,S-02,2,46.26,31.72,10
357,2025-12-26 12:41:06.647982,S-02,2,32.33,30.68,10
358,2025-12-26 13:26:06.647982,S-01,3,38.41,31.8,5
359,2025-12-26 14:11:06.647982,S-01,3,33.68,29.81,0
360,2025-12-26 14:56:06.647982,S-03,1,40.93,32.52,5
361,2025-12-26 15:41:06.647982,S-01,2,55.01,27.28,0
362,2025-12-26 16:26:06.647982,S-02,3,50.37,26.71,25
363,2025-12-26 17:11:06.647982,S-01,1,53.54,23.88,0
364,2025-12-26 17:56:06.647982,S-03,2,59.54,24.35,5
365,2025-12-26 18:41:06.647982,S-02,2,59.69,21.35,0
366,2025-12-26 19:26:06.647982,S-03,1,60.35,18.32,0
367,2025-12-26 20:11:06.647982,S-01,1,67.82,15.8,5
368,2025-12-26 20:56:06.647982,S-01,1,76.79,14.56,0
369,2025-12-26 21:41:06.647982,S-02,1,56.44,17.8,0
370,2025-12-26 22:26:06.647982,S-02,2,68.24,10.76,0
371,2025-12-26 23:11:06.647982,S-01,1,75.51,9.78,0
372,2025-12-26 23:56:06.647982,S-01,3,75.1,9.21,0
373,2025-12-27 00:41:06.647982,S-03,2,90.06,7.92,0
374,2025-12-27 01:26:06.647982,S-03,3,72.79,11.15,0
375,2025-12-27 02:11:06.647982,S-01,2,76.38,11.94,0
376,2025-12-27 02:56:06.647982,S-02,3,74.31,11.82,0
377,2025-12-27 03:41:06.647982,S-03,1,72.17,11.63,5
378,2025-12-27 04:26:06.647982,S-01,1,66.01,14.88,0
379,2025-12-27 05:11:06.647982,S-02,2,51.19,18.38,25
380,2025-12-27 05:56:06.647982,S-01,2,68.55,16.68,0
381,2025-12-27 06:41:06.647982,S-03,2,60.6,20.72,25
382,2025-12-27 07:26:06.647982,S-01,3,56.59,25.76,0
383,2025-12-27 08:11:06.647982,S-02,1,56.61,24.52,5
384,2025-12-27 08:56:06.647982,S-01,1,44.14,28.52,25
385,2025-12-27 09:41:06.647982,S-03,2,42.17,29.05,10
386,2025-12-27 10:26:06.647982,S-02,1,38.78,29.14,0
387,2025-12-27 11:11:06.647982,S-03,3,40.23,28.86,0
388,2025-12-27 11:56:06.647982,S-01,1,45.97,26.07,0
389,2025-12-27 12:41:06.647982,S-01,3,43.04,30.89,0
390,2025-12-27 13:26:06.647982,S-01,3,35.91,33.9,0
391,2025-12-27 14:11:06.647982,S-03,1,47.06,25.62,0
392,2025-12-27 14:56:06.647982,S-01,1,49.28,29.03,10
393,2025-12-27 15:41:06.647982,S-01,2,47.96,26.53,0
394,2025-12-27 16:26:06.647982,S-01,1,50.78,26.09,0
395,2025-12-27 17:11:06.647982,S-02,1,53.35,23.2,25
396,2025-12-27 17:56:06.647982,S-03,2,45.27,21.07,0
397,2025-12-27 18:41:06.647982,S-03,1,65.69,16.47,0
398,2025-12-27 19:26:06.647982,S-02,2,62.51,21.95,25
399,2025-12-27 20:11:06.647982,S-01,3,61.99,15.58,0
400,2025-12-27 20:56:06.647982,S-02,2,74.2,16.06,0
401,2025-12-27 21:41:06.647982,S-01,1,83.23,11.52,10
402,2025-12-27 22:26:06.647982,S-03,2,68.19,10.58,0
403,2025-12-27 23:11:06.647982,S-02,1,69.37,12.52,0
404,2025-12-27 23:56:06.647982,S-01,1,84.75,7.92,0
405,2025-12-28 00:41:06.647982,S-03,2,79.27,12.06,10
406,2025-12-28 01:26:06.647982,S-02,3,92.25,6.3,10
407,2025-12-28 02:11:06.647982,S-03,3,79.84,9.82,5
408,2025-12-28 02:56:06.647982,S-02,2,65.63,14.01,10
409,2025-12-28 03:41:06.647982,S-02,2,72.76,12.94,0
410,2025-12-28 04:26:06.647982,S-03,3,74.93,12.65,5
411,2025-12-28 05:11:06.647982,S-01,1,53.15,22.33,0
412,2025-12-28 05:56:06.647982,S-01,3,58.86,18.28,25
413,2025-12-28 06:41:06.647982,S-01,3,62.74,17.26,0
414,2025-12-28 07:26:06.647982,S-01,3,51.51,25.87,5
415,2025-12-28 08:11:06.647982,S-03,2,50.25,23.79,10
416,2025-12-28 08:56:06.647982,S-02,2,45.96,25.22,10
417,2025-12-28 09:41:06.647982,S-02,2,50.2,25.47,5
418,2025-12-28 10:26:06.647982,S-03,3,52.05,27.67,0
419,2025-12-28 11:11:06.647982,S-02,3,46.35,28.76,5
420,2025-12-28 11:56:06.647982,S-01,3,40.76,28.21,0
421,2025-12-28 12:41:06.647982,S-01,2,30.11,29.86,25
422,2025-12-28 13:26:06.647982,S-02,1,40.95,30.97,5
423,2025-12-28 14:11:06.647982,S-01,1,52.41,27.13,5
424,2025-12-28 14:56:06.647982,S-03,3,32.73,30.32,0
425,2025-12-28 15:41:06.647982,S-02,2,50.07,27.15,10
426,2025-12-28 16:26:06.647982,S-02,3,42.41,27.8,0
427,2025-12-28 17:11:06.647982,S-02,1,44.01,25.61,0
428,2025-12-28 17:56:06.647982,S-02,3,57.94,22.5,0
429,2025-12-28 18:41:06.647982,S-01,2,54.26,19.22,0
430,2025-12-28 19:26:06.647982,S-02,2,63.1,19.9,0
431,2025-12-28 20:11:06.647982,S-03,1,82.23,11.07,10
432,2025-12-28 20:56:06.647982,S-01,2,70.73,13.47,0
433,2025-12-28 21:41:06.647982,S-02,1,70.48,12.76,5
434,2025-12-28 22:26:06.647982,S-03,1,82.73,11.28,0
435,2025-12-28 23:11:06.647982,S-03,1,80.06,11.77,5
436,2025-12-28 23:56:06.647982,S-01,3,77.57,7.6,0
437,2025-12-29 00:41:06.647982,S-02,1,79.62,11.58,0
438,2025-12-29 01:26:06.647982,S-01,3,72.5,12.92,25
439,2025-12-29 02:11:06.647982,S-02,2,85.11,8.79,0
440,2025-12-29 02:56:06.647982,S-01,1,70.36,10.86,25
441,2025-12-29 03:41:06.647982,S-03,1,77.11,10.85,10
442,2025-12-29 04:26:06.647982,S-03,2,78.02,13.05,5
443,2025-12-29 05:11:06.647982,S-03,2,45.85,22.43,10
444,2025-12-29 05:56:06.647982,S-02,2,61.9,18.59,0
445,2025-12-29 06:41:06.647982,S-03,1,61.53,17.69,0
446,2025-12-29 07:26:06.647982,S-02,1,56.91,23.62,0
447,2025-12-29 08:11:06.647982,S-03,2,48.34,26.39,10
448,2025-12-29 08:56:06.647982,S-02,3,61.32,23.73,0
449,2025-12-29 09:41:06.647982,S-01,3,52.08,26.07,0
450,2025-12-29 10:26:06.647982,S-01,3,47.37,30.04,25
451,2025-12-29 11:11:06.647982,S-03,1,30.0,32.24,0
452,2025-12-29 11:56:06.647982,S-01,1,40.97,26.66,0
453,2025-12-29 12:41:06.647982,S-03,3,32.67,30.9,0
454,2025-12-29 13:26:06.647982,S-02,1,43.92,26.15,0
455,2025-12-29 14:11:06.647982,S-02,2,40.66,27.83,0
456,2025-12-29 14:56:06.647982,S-03,1,57.4,26.76,10
457,2025-12-29 15:41:06.647982,S-01,1,51.12,27.02,25
458,2025-12-29 16:26:06.647982,S-01,3,45.4,24.55,0
459,2025-12-29 17:11:06.647982,S-01,1,45.88,23.2,5
460,2025-12-29 17:56:06.647982,S-02,1,55.11,23.9,10
461,2025-12-29 18:41:06.647982,S-03,2,64.92,18.23,25
462,2025-12-29 19:26:06.647982,S-03,3,70.04,12.63,0
463,2025-12-29 20:11:06.647982,S-02,3,57.08,18.79,0
464,2025-12-29 20:56:06.647982,S-02,3,53.17,18.23,0
465,2025-12-29 21:41:06.647982,S-02,3,67.5,13.62,0
466,2025-12-29 22:26:06.647982,S-02,3,76.12,11.38,10
467,2025-12-29 23:11:06.647982,S-01,2,78.82,13.34,5
468,2025-12-29 23:56:06.647982,S-02,1,82.86,13.49,0
469,2025-12-30 00:41:06.647982,S-02,3,77.91,9.22,5
470,2025-12-30 01:26:06.647982,S-03,2,82.64,9.55,25
471,2025-12-30 02:11:06.647982,S-03,3,80.69,10.7,5
472,2025-12-30 02:56:06.647982,S-03,3,78.93,10.86,0
473,2025-12-30 03:41:06.647982,S-01,3,64.33,16.34,0
474,2025-12-30 04:26:06.647982,S-02,2,74.75,14.79,25
475,2025-12-30 05:11:06.647982,S-01,1,75.37,14.74,25
476,2025-12-30 05:56:06.647982,S-01,1,70.09,15.63,5
477,2025-12-30 06:41:06.647982,S-01,2,64.57,18.99,25
478,2025-12-30 07:26:06.647982,S-01,2,56.19,21.65,0
479,2025-12-30 08:11:06.647982,S-03,2,49.41,26.47,25
480,2025-12-30 08:56:06.647982,S-03,2,55.89,26.0,0
481,2025-12-30 09:41:06.647982,S-02,2,44.32,26.84,0
482,2025-12-30 10:26:06.647982,S-02,1,42.71,29.02,0
483,2025-12-30 11:11:06.647982,S-03,2,34.01,30.67,0
484,2025-12-30 11:56:06.647982,S-02,2,43.03,27.64,0
485,2025-12-30 12:41:06.647982,S-01,3,42.35,26.43,5
486,2025-12-30 13:26:06.647982,S-01,3,36.23,31.88,10
487,2025-12-30 14:11:06.647982,S-03,3,47.35,26.99,10
488,2025-12-30 14:56:06.647982,S-03,2,43.87,29.19,5
489,2025-12-30 15:41:06.647982,S-01,1,45.6,26.11,0
490,2025-12-30 16:26:06.647982,S-02,3,41.6,26.57,25
491,2025-12-30 17:11:06.647982,S-01,2,60.14,22.4,5
492,2025-12-30 17:56:06.647982,S-01,2,46.5,22.1,0
493,2025-12-30 18:41:06.647982,S-02,3,57.79,22.14,0
494,2025-12-30 19:26:06.647982,S-01,2,64.14,18.34,0
495,2025-12-30 20:11:06.647982,S-02,3,59.75,17.11,0
496,2025-12-30 20:56:06.647982,S-02,2,69.84,15.86,0
497,2025-12-30 21:41:06.647982,S-03,1,83.59,10.88,25
498,2025-12-30 22:26:06.647982,S-01,3,62.79,13.87,5
499,2025-12-30 23:11:06.647982,S-02,3,81.2,10.99,10
500,2025-12-30 23:56:06.647982,S-01,2,81.01,9.78,0
501,2025-12-31 00:41:06.647982,S-03,3,79.5,11.68,0
502,2025-12-31 01:26:06.647982,S-03,1,84.7,9.87,0
503,2025-12-31 02:11:06.647982,S-02,1,72.89,13.1,10
504,2025-12-31 02:56:06.647982,S-01,1,78.7,12.23,0
505,2025-12-31 03:41:06.647982,S-01,1,70.94,13.95,25
506,2025-12-31 04:26:06.647982,S-02,3,71.23,16.17,25
507,2025-12-31 05:11:06.647982,S-03,3,67.79,14.85,10
508,2025-12-31 05:56:06.647982,S-02,1,59.16,19.92,5
509,2025-12-31 06:41:06.647982,S-02,2,60.36,19.74,25
510,2025-12-31 07:26:06.647982,S-02,1,55.09,21.49,25
511,2025-12-31 08:11:06.647982,S-02,2,48.66,28.35,0
512,2025-12-31 08:56:06.647982,S-01,2,55.36,22.49,25
513,2025-12-31 09:41:06.647982,S-02,2,36.51,25.96,0
514,2025-12-31 10:26:06.647982,S-02,1,47.93,27.46,0
515,2025-12-31 11:11:06.647982,S-01,3,33.78,31.2,5
516,2025-12-31 11:56:06.647982,S-03,1,43.4,30.13,5
517,2025-12-31 12:41:06.647982,S-03,1,31.5,32.04,0
518,2025-12-31 13:26:06.647982,S-01,2,45.08,27.4,10
519,2025-12-31 14:11:06.647982,S-02,2,45.3,28.55,10
520,2025-12-31 14:56:06.647982,S-02,2,42.18,28.27,0
521,2025-12-31 15:41:06.647982,S-02,3,36.07,27.83,25
522,2025-12-31 16:26:06.647982,S-02,1,59.86,22.5,25
523,2025-12-31 17:11:06.647982,S-02,3,54.17,21.13,10
524,2025-12-31 17:56:06.647982,S-03,1,70.29,19.52,0
525,2025-12-31 18:41:06.647982,S-02,2,67.85,16.36,25
526,2025-12-31 19:26:06.647982,S-01,3,71.46,18.77,25
527,2025-12-31 20:11:06.647982,S-01,2,68.9,18.47,0
528,2025-12-31 20:56:06.647982,S-01,2,64.81,16.65,25
529,2025-12-31 21:41:06.647982,S-01,2,67.27,15.54,0
530,2025-12-31 22:26:06.647982,S-01,3,65.96,14.86,0
531,2025-12-31 23:11:06.647982,S-02,2,77.83,10.89,5
532,2025-12-31 23:56:06.647982,S-02,1,76.73,11.05,0
533,2026-01-01 00:41:06.647982,S-03,2,84.8,8.3,5
534,2026-01-01 01:26:06.647982,S-01,3,75.19,10.44,0
535,2026-01-01 02:11:06.647982,S-02,2,82.54,7.65,0
536,2026-01-01 02:56:06.647982,S-02,2,65.36,13.92,25
537,2026-01-01 03:41:06.647982,S-01,2,78.14,12.39,0
538,2026-01-01 04:26:06.647982,S-01,1,69.87,14.37,10
539,2026-01-01 05:11:06.647982,S-03,1,70.17,19.06,0
540,2026-01-01 05:56:06.647982,S-02,3,64.37,20.82,0
541,2026-01-01 06:41:06.647982,S-03,1,66.32,18.56,5
542,2026-01-01 07:26:06.647982,S-02,1,61.27,20.93,10
543,2026-01-01 08:11:06.647982,S-02,2,59.78,22.23,5
544,2026-01-01 08:56:06.647982,S-01,1,47.55,27.93,0
545,2026-01-01 09:41:06.647982,S-02,2,49.6,25.96,0
546,2026-01-01 10:26:06.647982,S-03,1,41.32,27.28,0
547,2026-01-01 11:11:06.647982,S-02,2,34.81,29.6,5
548,2026-01-01 11:56:06.647982,S-03,3,39.22,33.16,25
549,2026-01-01 12:41:06.647982,S-02,1,34.95,33.13,0
550,2026-01-01 13:26:06.647982,S-01,2,44.1,29.11,0
551,2026-01-01 14:11:06.647982,S-03,3,30.56,29.62,10
552,2026-01-01 14:56:06.647982,S-02,3,43.3,26.71,0
553,2026-01-01 15:41:06.647982,S-02,1,46.03,24.67,0
554,2026-01-01 16:26:06.647982,S-03,2,50.82,24.26,10
555,2026-01-01 17:11:06.647982,S-01,1,57.72,19.72,0
556,2026-01-01 17:56:06.647982,S-03,2,57.98,21.28,10
557,2026-01-01 18:41:06.647982,S-03,1,43.68,22.48,0
558,2026-01-01 19:26:06.647982,S-01,2,61.97,18.26,25
559,2026-01-01 20:11:06.647982,S-02,1,76.27,11.63,10
560,2026-01-01 20:56:06.647982,S-02,1,63.79,17.3,10
561,2026-01-01 21:41:06.647982,S-02,1,68.56,15.15,0
562,2026-01-01 22:26:06.647982,S-03,3,95.0,6.0,0
563,2026-01-01 23:11:06.647982,S-03,3,87.6,9.96,0
564,2026-01-01 23:56:06.647982,S-02,2,85.16,9.24,0
565,2026-01-02 00:41:06.647982,S-03,3,85.94,4.31,0
566,2026-01-02 01:26:06.647982,S-01,1,74.28,11.52,0
567,2026-01-02 02:11:06.647982,S-02,1,63.59,13.31,5
568,2026-01-02 02:56:06.647982,S-02,1,83.78,9.5,0
569,2026-01-02 03:41:06.647982,S-02,2,86.58,10.31,25
570,2026-01-02 04:26:06.647982,S-02,1,64.65,14.86,10
571,2026-01-02 05:11:06.647982,S-01,2,63.63,16.1,0
572,2026-01-02 05:56:06.647982,S-01,1,67.88,18.42,10
573,2026-01-02 06:41:06.647982,S-02,1,53.42,21.03,5
574,2026-01-02 07:26:06.647982,S-01,2,60.79,20.28,25
575,2026-01-02 08:11:06.647982,S-02,3,38.83,27.02,0
576,2026-01-02 08:56:06.647982,S-01,2,46.45,26.78,25
577,2026-01-02 09:41:06.647982,S-02,3,63.35,22.79,0
578,2026-01-02 10:26:06.647982,S-03,3,37.93,31.63,0
579,2026-01-02 11:11:06.647982,S-03,3,37.59,28.17,10
580,2026-01-02 11:56:06.647982,S-03,1,40.29,29.36,0
581,2026-01-02 12:41:06.647982,S-01,2,37.27,31.43,0
582,2026-01-02 13:26:06.647982,S-02,1,47.35,26.53,0
583,2026-01-02 14:11:06.647982,S-01,2,31.56,32.04,10
584,2026-01-02 14:56:06.647982,S-03,3,43.46,27.76,0
585,2026-01-02 15:41:06.647982,S-03,1,49.22,26.95,10
586,2026-01-02 16:26:06.647982,S-02,1,44.61,25.45,0
587,2026-01-02 17:11:06.647982,S-03,3,42.77,24.59,5
588,2026-01-02 17:56:06.647982,S-02,1,51.6,23.0,5
589,2026-01-02 18:41:06.647982,S-01,3,55.47,23.06,0
590,2026-01-02 19:26:06.647982,S-01,2,56.8,17.29,0
591,2026-01-02 20:11:06.647982,S-03,1,53.45,17.76,0
592,2026-01-02 20:56:06.647982,S-02,3,75.34,14.98,0
593,2026-01-02 21:41:06.647982,S-03,3,70.35,12.65,25
594,2026-01-02 22:26:06.647982,S-02,1,71.83,11.66,25
595,2026-01-02 23:11:06.647982,S-01,1,75.62,11.75,0
596,2026-01-02 23:56:06.647982,S-01,1,79.91,13.81,10
597,2026-01-03 00:41:06.647982,S-02,1,69.62,15.4,25
598,2026-01-03 01:26:06.647982,S-02,3,77.02,9.97,10
599,2026-01-03 02:11:06.647982,S-01,2,80.36,10.0,5
600,2026-01-03 02:56:06.647982,S-01,2,87.93,10.16,0
601,2026-01-03 03:41:06.647982,S-01,2,71.93,13.38,0
602,2026-01-03 04:26:06.647982,S-01,3,57.0,18.47,0
603,2026-01-03 05:11:06.647982,S-01,2,67.49,19.91,10
604,2026-01-03 05:56:06.647982,S-02,3,66.23,16.62,0
605,2026-01-03 06:41:06.647982,S-03,2,59.35,21.24,10
606,2026-01-03 07:26:06.647982,S-02,1,58.31,22.71,0
607,2026-01-03 08:11:06.647982,S-02,3,49.6,26.9,5
608,2026-01-03 08:56:06.647982,S-03,2,45.35,25.22,0
609,2026-01-03 09:41:06.647982,S-02,1,54.69,25.63,5
610,2026-01-03 10:26:06.647982,S-03,2,42.74,26.38,0
611,2026-01-03 11:11:06.647982,S-01,2,59.65,24.47,0
612,2026-01-03 11:56:06.647982,S-02,3,34.95,34.28,0
613,2026-01-03 12:41:06.647982,S-01,3,51.7,27.98,10
614,2026-01-03 13:26:06.647982,S-01,1,48.32,26.14,10
615,2026-01-03 14:11:06.647982,S-02,2,49.08,27.87,0
616,2026-01-03 14:56:06.647982,S-03,2,41.2,28.07,5
617,2026-01-03 15:41:06.647982,S-02,2,42.87,27.88,0
618,2026-01-03 16:26:06.647982,S-01,3,37.75,28.69,0
619,2026-01-03 17:11:06.647982,S-01,1,53.74,23.55,5
620,2026-01-03 17:56:06.647982,S-01,3,48.09,25.56,0
621,2026-01-03 18:41:06.647982,S-02,2,53.77,21.06,10
622,2026-01-03 19:26:06.647982,S-02,2,59.79,17.14,10
623,2026-01-03 20:11:06.647982,S-01,3,67.32,16.25,10
624,2026-01-03 20:56:06.647982,S-02,1,71.81,14.87,0
625,2026-01-03 21:41:06.647982,S-01,2,70.54,11.75,25
626,2026-01-03 22:26:06.647982,S-03,1,69.18,13.02,25
627,2026-01-03 23:11:06.647982,S-02,1,81.19,10.42,25
628,2026-01-03 23:56:06.647982,S-03,1,72.19,11.99,0
629,2026-01-04 00:41:06.647982,S-01,3,85.54,7.89,10
630,2026-01-04 01:26:06.647982,S-03,2,72.93,11.26,0
631,2026-01-04 02:11:06.647982,S-02,2,74.36,13.41,0
632,2026-01-04 02:56:06.647982,S-01,1,75.67,12.96,0
633,2026-01-04 03:41:06.647982,S-02,2,72.38,14.3,0
634,2026-01-04 04:26:06.647982,S-03,3,75.24,14.21,5
635,2026-01-04 05:11:06.647982,S-01,2,65.72,18.48,0
636,2026-01-04 05:56:06.647982,S-03,1,75.52,16.73,5
637,2026-01-04 06:41:06.647982,S-01,3,50.14,22.61,0
638,2026-01-04 07:26:06.647982,S-03,3,55.75,24.73,25
639,2026-01-04 08:11:06.647982,S-01,3,57.62,24.24,25
640,2026-01-04 08:56:06.647982,S-02,1,44.07,25.84,25
641,2026-01-04 09:41:06.647982,S-03,2,53.4,25.54,5
642,2026-01-04 10:26:06.647982,S-03,1,42.13,31.08,25
643,2026-01-04 11:11:06.647982,S-01,1,42.06,27.3,0
644,2026-01-04 11:56:06.647982,S-01,1,44.54,30.12,0
645,2026-01-04 12:41:06.647982,S-02,2,37.86,32.56,0
646,2026-01-04 13:26:06.647982,S-03,3,30.0,35.04,25
647,2026-01-04 14:11:06.647982,S-02,1,47.47,28.66,0
648,2026-01-04 14:56:06.647982,S-02,3,44.48,28.72,25
649,2026-01-04 15:41:06.647982,S-03,3,36.0,28.63,25
650,2026-01-04 16:26:06.647982,S-02,1,44.18,28.69,0
651,2026-01-04 17:11:06.647982,S-01,3,61.95,20.03,0
652,2026-01-04 17:56:06.647982,S-01,2,49.79,21.89,25
653,2026-01-04 18:41:06.647982,S-01,3,55.92,20.54,25
654,2026-01-04 19:26:06.647982,S-01,3,64.11,15.7,5
655,2026-01-04 20:11:06.647982,S-02,1,67.05,18.14,0
656,2026-01-04 20:56:06.647982,S-01,2,67.97,15.49,0
657,2026-01-04 21:41:06.647982,S-03,2,75.81,13.41,0
658,2026-01-04 22:26:06.647982,S-02,3,69.62,13.2,0
659,2026-01-04 23:11:06.647982,S-03,3,82.05,7.39,25
660,2026-01-04 23:56:06.647982,S-03,1,74.03,11.69,0
661,2026-01-05 00:41:06.647982,S-03,1,73.77,11.36,10
662,2026-01-05 01:26:06.647982,S-03,3,79.36,11.11,0
663,2026-01-05 02:11:06.647982,S-03,1,73.32,13.13,0
664,2026-01-05 02:56:06.647982,S-03,1,85.58,10.39,25
665,2026-01-05 03:41:06.647982,S-01,1,64.93,13.69,0
666,2026-01-05 04:26:06.647982,S-03,3,68.21,17.11,5
667,2026-01-05 05:11:06.647982,S-02,2,62.36,15.62,25
668,2026-01-05 05:56:06.647982,S-02,3,60.89,17.01,0
669,2026-01-05 06:41:06.647982,S-02,2,67.84,20.01,10
670,2026-01-05 07:26:06.647982,S-03,3,57.07,20.73,0
671,2026-01-05 08:11:06.647982,S-02,2,41.39,26.9,0
672,2026-01-05 08:56:06.647982,S-02,2,38.68,25.89,0
673,2026-01-05 09:41:06.647982,S-01,2,44.94,28.51,0
674,2026-01-05 10:26:06.647982,S-02,1,30.0,34.06,0
675,2026-01-05 11:11:06.647982,S-03,1,42.73,28.35,0
676,2026-01-05 11:56:06.647982,S-02,1,39.27,30.13,10
677,2026-01-05 12:41:06.647982,S-01,1,39.92,30.06,0
678,2026-01-05 13:26:06.647982,S-03,1,47.28,28.44,0
679,2026-01-05 14:11:06.647982,S-01,1,44.93,27.92,25
680,2026-01-05 14:56:06.647982,S-03,1,41.35,29.98,5
681,2026-01-05 15:41:06.647982,S-03,3,53.64,24.74,0
682,2026-01-05 16:26:06.647982,S-01,1,41.71,27.63,25
683,2026-01-05 17:11:06.647982,S-03,3,50.56,19.15,25
684,2026-01-05 17:56:06.647982,S-01,1,52.73,26.75,25
685,2026-01-05 18:41:06.647982,S-01,1,54.35,21.18,0
686,2026-01-05 19:26:06.647982,S-03,2,64.75,18.76,10
687,2026-01-05 20:11:06.647982,S-02,3,73.76,14.25,10
688,2026-01-05 20:56:06.647982,S-01,3,78.22,12.94,0
689,2026-01-05 21:41:06.647982,S-01,1,77.72,12.3,5
690,2026-01-05 22:26:06.647982,S-03,1,76.24,11.37,10
691,2026-01-05 23:11:06.647982,S-02,2,81.53,9.36,5
692,2026-01-05 23:56:06.647982,S-02,3,75.45,13.4,0
693,2026-01-06 00:41:06.647982,S-01,1,80.23,11.32,0
694,2026-01-06 01:26:06.647982,S-01,1,90.47,6.11,0
695,2026-01-06 02:11:06.647982,S-01,1,74.88,9.99,5
696,2026-01-06 02:56:06.647982,S-01,2,83.35,11.84,25
697,2026-01-06 03:41:06.647982,S-03,2,78.82,10.9,5
698,2026-01-06 04:26:06.647982,S-03,2,72.37,14.19,0
699,2026-01-06 05:11:06.647982,S-01,2,55.76,18.77,10
700,2026-01-06 05:56:06.647982,S-02,1,66.49,18.11,0
701,2026-01-06 06:41:06.647982,S-03,1,56.0,20.06,10
702,2026-01-06 07:26:06.647982,S-02,2,61.77,23.27,0
703,2026-01-06 08:11:06.647982,S-01,3,41.06,25.85,0
704,2026-01-06 08:56:06.647982,S-02,2,50.01,24.22,0
705,2026-01-06 09:41:06.647982,S-02,1,50.07,25.46,0
706,2026-01-06 10:26:06.647982,S-02,2,45.14,29.42,5
707,2026-01-06 11:11:06.647982,S-03,3,41.36,25.36,5
708,2026-01-06 11:56:06.647982,S-03,1,41.4,29.32,0
709,2026-01-06 12:41:06.647982,S-03,3,30.0,31.69,0
710,2026-01-06 13:26:06.647982,S-01,1,38.13,28.35,10
711,2026-01-06 14:11:06.647982,S-02,3,47.2,26.02,5
712,2026-01-06 14:56:06.647982,S-03,2,31.96,33.45,0
713,2026-01-06 15:41:06.647982,S-01,2,40.6,29.41,0
714,2026-01-06 16:26:06.647982,S-02,1,44.42,27.68,10
715,2026-01-06 17:11:06.647982,S-02,2,62.75,24.01,10
716,2026-01-06 17:56:06.647982,S-02,2,57.61,23.05,0
717,2026-01-06 18:41:06.647982,S-03,1,51.06,24.68,0
718,2026-01-06 19:26:06.647982,S-03,1,69.68,16.13,5
719,2026-01-06 20:11:06.647982,S-01,1,63.77,16.65,0
720,2026-01-06 20:56:06.647982,S-02,3,72.89,16.24,0
721,2026-01-06 21:41:06.647982,S-01,1,68.92,14.97,0
722,2026-01-06 22:26:06.647982,S-02,3,74.51,10.53,10
723,2026-01-06 23:11:06.647982,S-01,2,80.07,9.6,0
724,2026-01-06 23:56:06.647982,S-01,1,70.77,14.29,25
725,2026-01-07 00:41:06.647982,S-03,1,71.72,11.25,10
726,2026-01-07 01:26:06.647982,S-01,1,77.4,11.24,25
727,2026-01-07 02:11:06.647982,S-02,1,72.64,11.36,0
728,2026-01-07 02:56:06.647982,S-03,2,71.33,10.95,0
729,2026-01-07 03:41:06.647982,S-02,3,68.21,15.82,25
730,2026-01-07 04:26:06.647982,S-02,1,72.26,14.5,10
731,2026-01-07 05:11:06.647982,S-03,3,69.12,16.26,0
732,2026-01-07 05:56:06.647982,S-01,1,74.16,15.44,0
733,2026-01-07 06:41:06.647982,S-03,1,66.51,17.95,0
734,2026-01-07 07:26:06.647982,S-01,1,58.71,18.07,5
735,2026-01-07 08:11:06.647982,S-02,3,55.56,23.67,0
736,2026-01-07 08:56:06.647982,S-01,2,51.8,26.0,0
737,2026-01-07 09:41:06.647982,S-02,2,41.05,26.48,0
738,2026-01-07 10:26:06.647982,S-02,2,41.4,28.19,5
739,2026-01-07 11:11:06.647982,S-02,2,48.7,28.04,0
740,2026-01-07 11:56:06.647982,S-01,1,36.68,29.42,25
741,2026-01-07 12:41:06.647982,S-03,2,49.91,29.42,0
742,2026-01-07 13:26:06.647982,S-03,3,38.15,31.36,0
743,2026-01-07 14:11:06.647982,S-01,3,38.51,28.69,0
744,2026-01-07 14:56:06.647982,S-03,3,47.64,25.68,0
745,2026-01-07 15:41:06.647982,S-02,1,46.29,25.4,10
746,2026-01-07 16:26:06.647982,S-03,1,42.59,26.4,10
747,2026-01-07 17:11:06.647982,S-02,3,50.44,23.62,0
748,2026-01-07 17:56:06.647982,S-03,2,48.14,23.68,10
749,2026-01-07 18:41:06.647982,S-01,1,63.39,19.59,25
750,2026-01-07 19:26:06.647982,S-02,3,58.17,19.61,25
751,2026-01-07 20:11:06.647982,S-03,2,73.45,12.62,0
752,2026-01-07 20:56:06.647982,S-01,3,58.2,19.48,0
753,2026-01-07 21:41:06.647982,S-03,1,83.51,12.19,0
754,2026-01-07 22:26:06.647982,S-02,3,74.15,11.4,0
755,2026-01-07 23:11:06.647982,S-02,2,81.53,10.61,0
756,2026-01-07 23:56:06.647982,S-02,2,66.88,11.54,10
757,2026-01-08 00:41:06.647982,S-01,1,80.53,10.31,25
758,2026-01-08 01:26:06.647982,S-01,3,73.93,11.03,10
759,2026-01-08 02:11:06.647982,S-03,1,84.66,12.15,0
760,2026-01-08 02:56:06.647982,S-03,1,80.96,10.29,0
761,2026-01-08 03:41:06.647982,S-02,2,72.68,13.58,10
762,2026-01-08 04:26:06.647982,S-02,2,61.27,17.19,0
763,2026-01-08 05:11:06.647982,S-01,2,65.7,20.81,25
764,2026-01-08 05:56:06.647982,S-02,1,69.36,15.22,0
765,2026-01-08 06:41:06.647982,S-03,1,56.46,19.15,25
766,2026-01-08 07:26:06.647982,S-02,1,67.8,20.09,0
767,2026-01-08 08:11:06.647982,S-03,3,48.9,26.12,0
768,2026-01-08 08:56:06.647982,S-01,3,46.19,25.69,10
769,2026-01-08 09:41:06.647982,S-01,1,36.41,31.32,10
770,2026-01-08 10:26:06.647982,S-01,3,30.0,32.52,0
771,2026-01-08 11:11:06.647982,S-02,2,48.02,27.67,0
772,2026-01-08 11:56:06.647982,S-03,1,38.92,31.78,5
773,2026-01-08 12:41:06.647982,S-01,3,43.56,29.22,25
774,2026-01-08 13:26:06.647982,S-02,1,33.5,31.36,10
775,2026-01-08 14:11:06.647982,S-02,2,45.83,27.17,0
776,2026-01-08 14:56:06.647982,S-01,2,48.87,28.62,0
777,2026-01-08 15:41:06.647982,S-02,2,40.79,28.53,10
778,2026-01-08 16:26:06.647982,S-02,2,53.81,23.49,0
779,2026-01-08 17:11:06.647982,S-01,2,59.97,19.46,10
780,2026-01-08 17:56:06.647982,S-02,2,55.03,23.03,0
781,2026-01-08 18:41:06.647982,S-02,2,47.0,23.47,10
782,2026-01-08 19:26:06.647982,S-03,1,70.35,18.33,0
783,2026-01-08 20:11:06.647982,S-03,2,82.46,13.97,10
784,2026-01-08 20:56:06.647982,S-01,3,64.51,18.7,5
785,2026-01-08 21:41:06.647982,S-03,3,69.66,13.27,0
786,2026-01-08 22:26:06.647982,S-02,2,68.53,11.12,0
787,2026-01-08 23:11:06.647982,S-02,1,78.82,11.34,0
788,2026-01-08 23:56:06.647982,S-03,2,75.43,12.05,0
789,2026-01-09 00:41:06.647982,S-02,1,86.02,10.77,0
790,2026-01-09 01:26:06.647982,S-01,3,82.61,10.61,5
791,2026-01-09 02:11:06.647982,S-02,1,67.64,14.68,25
792,2026-01-09 02:56:06.647982,S-02,1,80.46,10.67,25
793,2026-01-09 03:41:06.647982,S-01,1,84.14,13.4,5
794,2026-01-09 04:26:06.647982,S-03,2,60.87,14.14,5
795,2026-01-09 05:11:06.647982,S-01,1,68.17,18.61,10
796,2026-01-09 05:56:06.647982,S-03,1,72.28,15.79,0
797,2026-01-09 06:41:06.647982,S-01,3,51.22,21.04,0
798,2026-01-09 07:26:06.647982,S-01,3,67.37,22.43,0
799,2026-01-09 08:11:06.647982,S-01,2,47.77,24.97,0
800,2026-01-09 08:56:06.647982,S-03,1,42.7,26.42,0
801,2026-01-09 09:41:06.647982,S-02,3,52.79,22.79,0
802,2026-01-09 10:26:06.647982,S-03,3,46.33,27.09,10
803,2026-01-09 11:11:06.647982,S-01,1,30.0,32.77,0
804,2026-01-09 11:56:06.647982,S-03,2,37.76,29.93,0
805,2026-01-09 12:41:06.647982,S-03,1,46.81,27.91,0
806,2026-01-09 13:26:06.647982,S-02,1,30.0,29.38,25
807,2026-01-09 14:11:06.647982,S-01,3,41.11,28.83,0
808,2026-01-09 14:56:06.647982,S-02,3,36.99,29.46,25
809,2026-01-09 15:41:06.647982,S-03,1,51.87,25.54,5
810,2026-01-09 16:26:06.647982,S-01,2,48.64,27.57,0
811,2026-01-09 17:11:06.647982,S-01,2,57.72,22.16,0
812,2026-01-09 17:56:06.647982,S-03,2,55.09,20.97,0
813,2026-01-09 18:41:06.647982,S-03,2,62.3,20.37,10
814,2026-01-09 19:26:06.647982,S-03,3,75.43,17.86,5
815,2026-01-09 20:11:06.647982,S-01,1,60.43,16.99,10
816,2026-01-09 20:56:06.647982,S-01,2,69.45,12.49,0
817,2026-01-09 21:41:06.647982,S-01,1,70.42,14.58,0
818,2026-01-09 22:26:06.647982,S-01,3,80.28,11.72,10
819,2026-01-09 23:11:06.647982,S-03,2,72.88,9.24,10
820,2026-01-09 23:56:06.647982,S-02,3,82.45,8.92,25
821,2026-01-10 00:41:06.647982,S-01,2,77.76,8.42,0
822,2026-01-10 01:26:06.647982,S-02,2,76.42,11.42,25
823,2026-01-10 02:11:06.647982,S-03,3,87.9,7.99,10
824,2026-01-10 02:56:06.647982,S-02,1,66.59,12.65,0
825,2026-01-10 03:41:06.647982,S-01,2,59.36,16.07,10
826,2026-01-10 04:26:06.647982,S-02,2,58.47,18.85,10
827,2026-01-10 05:11:06.647982,S-01,1,71.09,16.0,0
828,2026-01-10 05:56:06.647982,S-01,3,75.05,14.12,5
829,2026-01-10 06:41:06.647982,S-01,2,56.88,21.25,5
830,2026-01-10 07:26:06.647982,S-01,3,53.24,22.99,0
831,2026-01-10 08:11:06.647982,S-02,2,36.93,25.53,0
832,2026-01-10 08:56:06.647982,S-02,2,51.64,25.37,10
833,2026-01-10 09:41:06.647982,S-03,1,58.76,22.78,0
834,2026-01-10 10:26:06.647982,S-01,1,47.16,27.95,5
835,2026-01-10 11:11:06.647982,S-01,1,47.33,30.94,0
836,2026-01-10 11:56:06.647982,S-01,3,44.23,28.26,0
837,2026-01-10 12:41:06.647982,S-03,1,38.78,30.89,10
838,2026-01-10 13:26:06.647982,S-02,3,45.93,29.18,0
839,2026-01-10 14:11:06.647982,S-03,2,37.6,30.6,10
840,2026-01-10 14:56:06.647982,S-03,1,37.75,32.07,0
841,2026-01-10 15:41:06.647982,S-01,2,56.33,25.03,0
842,2026-01-10 16:26:06.647982,S-02,3,57.12,21.05,10
843,2026-01-10 17:11:06.647982,S-03,3,50.15,23.23,25
844,2026-01-10 17:56:06.647982,S-02,2,53.19,23.57,0
845,2026-01-10 18:41:06.647982,S-02,2,54.77,21.81,0
846,2026-01-10 19:26:06.647982,S-02,2,50.9,20.75,0
847,2026-01-10 20:11:06.647982,S-03,2,68.88,18.38,5
848,2026-01-10 20:56:06.647982,S-01,3,60.7,15.68,0
849,2026-01-10 21:41:06.647982,S-03,3,76.86,12.18,0
850,2026-01-10 22:26:06.647982,S-02,3,73.06,11.52,10
851,2026-01-10 23:11:06.647982,S-01,2,65.6,10.52,5
852,2026-01-10 23:56:06.647982,S-03,1,82.23,8.17,5
853,2026-01-11 00:41:06.647982,S-01,2,82.57,9.87,0
854,2026-01-11 01:26:06.647982,S-02,3,63.03,11.88,25
855,2026-01-11 02:11:06.647982,S-01,3,81.3,10.46,5
856,2026-01-11 02:56:06.647982,S-01,2,81.76,8.65,5
857,2026-01-11 03:41:06.647982,S-01,3,65.07,14.45,0
858,2026-01-11 04:26:06.647982,S-03,3,72.55,12.16,0
859,2026-01-11 05:11:06.647982,S-02,3,56.93,21.64,0
860,2026-01-11 05:56:06.647982,S-02,1,61.21,18.49,0
861,2026-01-11 06:41:06.647982,S-01,1,69.04,19.94,5
862,2026-01-11 07:26:06.647982,S-03,1,49.92,24.58,25
863,2026-01-11 08:11:06.647982,S-02,3,42.75,24.31,5
864,2026-01-11 08:56:06.647982,S-01,1,53.83,24.45,0
865,2026-01-11 09:41:06.647982,S-02,3,49.81,29.42,10
866,2026-01-11 10:26:06.647982,S-03,3,34.63,31.31,0
867,2026-01-11 11:11:06.647982,S-01,1,39.86,28.72,0
868,2026-01-11 11:56:06.647982,S-03,3,58.17,25.29,0
869,2026-01-11 12:41:06.647982,S-02,1,41.69,29.22,0
870,2026-01-11 13:26:06.647982,S-02,2,37.7,32.58,0
871,2026-01-11 14:11:06.647982,S-03,2,36.36,31.33,25
872,2026-01-11 14:56:06.647982,S-02,3,41.02,30.28,0
873,2026-01-11 15:41:06.647982,S-03,3,44.8,26.34,25
874,2026-01-11 16:26:06.647982,S-01,3,57.73,24.62,0
875,2026-01-11 17:11:06.647982,S-02,3,52.2,25.81,10
876,2026-01-11 17:56:06.647982,S-02,2,35.26,24.05,0
877,2026-01-11 18:41:06.647982,S-03,3,59.29,20.14,25
878,2026-01-11 19:26:06.647982,S-01,2,72.96,14.92,10
879,2026-01-11 20:11:06.647982,S-01,3,76.21,14.76,0
880,2026-01-11 20:56:06.647982,S-01,3,78.97,11.93,5
881,2026-01-11 21:41:06.647982,S-01,1,83.4,11.73,5
882,2026-01-11 22:26:06.647982,S-02,1,74.39,11.76,10
883,2026-01-11 23:11:06.647982,S-02,1,68.53,11.69,0
884,2026-01-11 23:56:06.647982,S-02,1,81.84,10.87,10
885,2026-01-12 00:41:06.647982,S-01,3,80.79,14.19,5
886,2026-01-12 01:26:06.647982,S-02,3,76.96,11.8,25
887,2026-01-12 02:11:06.647982,S-02,3,80.45,10.49,0
888,2026-01-12 02:56:06.647982,S-02,3,65.06,12.68,0
889,2026-01-12 03:41:06.647982,S-02,1,83.03,11.98,0
890,2026-01-12 04:26:06.647982,S-01,3,66.79,16.32,5
891,2026-01-12 05:11:06.647982,S-03,3,64.87,16.45,0
892,2026-01-12 05:56:06.647982,S-02,1,53.91,14.91,0
893,2026-01-12 06:41:06.647982,S-03,2,57.14,23.44,10
894,2026-01-12 07:26:06.647982,S-01,2,54.62,24.49,10
895,2026-01-12 08:11:06.647982,S-03,1,50.33,22.89,0
896,2026-01-12 08:56:06.647982,S-02,1,46.84,24.81,25
897,2026-01-12 09:41:06.647982,S-02,1,45.5,26.3,10
898,2026-01-12 10:26:06.647982,S-03,1,41.32,26.65,5
899,2026-01-12 11:11:06.647982,S-03,2,45.88,28.63,10
900,2026-01-12 11:56:06.647982,S-02,3,46.2,30.19,5
901,2026-01-12 12:41:06.647982,S-03,3,40.91,30.05,5
902,2026-01-12 13:26:06.647982,S-02,3,53.14,27.75,0
903,2026-01-12 14:11:06.647982,S-03,2,37.17,29.05,25
904,2026-01-12 14:56:06.647982,S-01,2,53.63,25.08,5
905,2026-01-12 15:41:06.647982,S-01,1,47.22,25.91,0
906,2026-01-12 16:26:06.647982,S-01,1,51.1,25.57,0
907,2026-01-12 17:11:06.647982,S-01,2,64.1,22.6,0
908,2026-01-12 17:56:06.647982,S-02,1,61.53,22.03,25
909,2026-01-12 18:41:06.647982,S-01,1,55.1,21.13,10
910,2026-01-12 19:26:06.647982,S-02,1,62.69,15.93,25
911,2026-01-12 20:11:06.647982,S-03,3,71.57,14.09,10
912,2026-01-12 20:56:06.647982,S-02,3,74.91,16.14,0
913,2026-01-12 21:41:06.647982,S-01,2,76.07,13.62,5
914,2026-01-12 22:26:06.647982,S-02,3,81.27,11.11,0
915,2026-01-12 23:11:06.647982,S-03,3,85.02,13.15,25
916,2026-01-12 23:56:06.647982,S-02,3,81.86,9.21,25
917,2026-01-13 00:41:06.647982,S-02,1,70.75,10.4,0
918,2026-01-13 01:26:06.647982,S-01,3,66.79,11.7,0
919,2026-01-13 02:11:06.647982,S-03,2,75.5,10.98,0
920,2026-01-13 02:56:06.647982,S-01,1,67.92,10.96,0
921,2026-01-13 03:41:06.647982,S-03,3,76.15,13.43,10
922,2026-01-13 04:26:06.647982,S-02,3,76.64,15.22,0
923,2026-01-13 05:11:06.647982,S-02,2,73.2,17.36,5
924,2026-01-13 05:56:06.647982,S-01,3,50.91,20.44,0
925,2026-01-13 06:41:06.647982,S-03,1,45.12,22.33,10
926,2026-01-13 07:26:06.647982,S-01,3,51.39,21.61,0
927,2026-01-13 08:11:06.647982,S-02,1,45.83,25.19,0
928,2026-01-13 08:56:06.647982,S-03,1,45.67,24.56,0
929,2026-01-13 09:41:06.647982,S-02,1,46.81,28.27,0
930,2026-01-13 10:26:06.647982,S-02,2,42.01,27.93,25
931,2026-01-13 11:11:06.647982,S-02,1,36.92,29.61,0
932,2026-01-13 11:56:06.647982,S-01,3,34.43,31.47,0
933,2026-01-13 12:41:06.647982,S-03,3,40.21,32.25,25
934,2026-01-13 13:26:06.647982,S-01,2,34.86,31.19,0
935,2026-01-13 14:11:06.647982,S-02,2,49.13,30.94,0
936,2026-01-13 14:56:06.647982,S-03,1,47.32,27.79,0
937,2026-01-13 15:41:06.647982,S-02,1,47.62,25.77,0
938,2026-01-13 16:26:06.647982,S-02,1,45.83,23.77,0
939,2026-01-13 17:11:06.647982,S-03,2,49.3,25.92,25
940,2026-01-13 17:56:06.647982,S-03,2,59.85,20.79,5
941,2026-01-13 18:41:06.647982,S-03,2,51.2,21.02,5
942,2026-01-13 19:26:06.647982,S-03,3,73.44,16.65,0
943,2026-01-13 20:11:06.647982,S-02,1,72.07,15.68,25
944,2026-01-13 20:56:06.647982,S-02,3,83.6,13.34,10
945,2026-01-13 21:41:06.647982,S-01,3,62.47,14.68,0
946,2026-01-13 22:26:06.647982,S-03,2,76.84,9.88,0
947,2026-01-13 23:11:06.647982,S-01,2,82.51,9.04,10
948,2026-01-13 23:56:06.647982,S-02,2,80.32,9.28,0
949,2026-01-14 00:41:06.647982,S-01,3,88.23,7.86,5
950,2026-01-14 01:26:06.647982,S-01,3,71.05,11.53,0
951,2026-01-14 02:11:06.647982,S-02,2,75.9,10.99,0
952,2026-01-14 02:56:06.647982,S-02,2,82.9,10.72,0
953,2026-01-14 03:41:06.647982,S-02,1,65.76,15.57,5
954,2026-01-14 04:26:06.647982,S-03,3,65.57,16.8,10
955,2026-01-14 05:11:06.647982,S-01,1,73.93,17.51,5
956,2026-01-14 05:56:06.647982,S-02,1,62.63,14.41,0
957,2026-01-14 06:41:06.647982,S-02,3,61.07,15.14,0
958,2026-01-14 07:26:06.647982,S-03,1,48.48,22.88,0
959,2026-01-14 08:11:06.647982,S-02,2,43.41,24.45,0
960,2026-01-14 08:56:06.647982,S-03,2,56.03,22.05,10
961,2026-01-14 09:41:06.647982,S-03,2,50.52,27.01,0
962,2026-01-14 10:26:06.647982,S-03,3,55.35,22.5,0
963,2026-01-14 11:11:06.647982,S-01,1,38.92,29.6,25
964,2026-01-14 11:56:06.647982,S-03,3,44.53,29.34,0
965,2026-01-14 12:41:06.647982,S-02,2,48.61,24.93,0
966,2026-01-14 13:26:06.647982,S-01,1,58.0,26.48,10
967,2026-01-14 14:11:06.647982,S-02,3,31.6,32.91,25
968,2026-01-14 14:56:06.647982,S-03,2,39.65,28.69,0
969,2026-01-14 15:41:06.647982,S-02,1,49.92,27.73,0
970,2026-01-14 16:26:06.647982,S-03,2,54.91,24.31,0
971,2026-01-14 17:11:06.647982,S-02,2,45.95,24.69,0
972,2026-01-14 17:56:06.647982,S-01,1,49.42,24.37,0
973,2026-01-14 18:41:06.647982,S-01,2,52.7,20.97,5
974,2026-01-14 19:26:06.647982,S-03,3,68.67,18.43,0
975,2026-01-14 20:11:06.647982,S-01,2,69.8,16.09,0
976,2026-01-14 20:56:06.647982,S-03,3,60.57,17.61,0
977,2026-01-14 21:41:06.647982,S-01,2,78.85,11.06,0
978,2026-01-14 22:26:06.647982,S-02,2,71.78,11.93,0
979,2026-01-14 23:11:06.647982,S-02,3,82.98,11.15,25
980,2026-01-14 23:56:06.647982,S-02,1,79.22,9.27,25
981,2026-01-15 00:41:06.647982,S-02,1,91.55,8.63,10
982,2026-01-15 01:26:06.647982,S-01,1,81.65,9.63,5
983,2026-01-15 02:11:06.647982,S-01,1,72.74,13.21,0
984,2026-01-15 02:56:06.647982,S-03,1,79.24,12.27,25
985,2026-01-15 03:41:06.647982,S-03,2,56.5,16.5,5
986,2026-01-15 04:26:06.647982,S-02,3,68.92,16.45,25
987,2026-01-15 05:11:06.647982,S-03,3,68.92,17.27,10
988,2026-01-15 05:56:06.647982,S-03,2,61.75,18.4,0
989,2026-01-15 06:41:06.647982,S-03,2,57.96,22.23,25
990,2026-01-15 07:26:06.647982,S-02,3,68.8,21.83,0
991,2026-01-15 08:11:06.647982,S-01,1,50.07,23.33,0
992,2026-01-15 08:56:06.647982,S-03,3,54.25,24.09,0
993,2026-01-15 09:41:06.647982,S-02,3,43.24,25.0,0
994,2026-01-15 10:26:06.647982,S-03,2,42.71,31.0,0
995,2026-01-15 11:11:06.647982,S-01,1,43.45,27.04,0
996,2026-01-15 11:56:06.647982,S-02,3,32.98,32.4,5
997,2026-01-15 12:41:06.647982,S-03,2,48.71,29.09,0
998,2026-01-15 13:26:06.647982,S-02,3,37.54,31.24,25
999,2026-01-15 14:11:06.647982,S-01,1,47.3,28.22,0
1000,2026-01-15 14:56:06.647982,S-03,2,45.9,26.93,0
